SNOMED;Diagnóstico;Topografia;CID;CID_PREDITO;CONFIANCA;NEEDS_REVIEW;METODO;JUSTIFICATIVA;CANDIDATOS_CID;FONTES_RAG
M-90100;Alteração Fibroadenomatoide;Mama esquerda - 01 Hora(Mamotomia);;D24;0.6364;False;rag_candidates;O candidato D24 tem o maior score de 0.6364 e é suportado por evidência de vetor CID.;"[""D24"", ""D05"", ""D059"", ""C501"", ""C500"", ""C508"", ""C12"", ""C50""]";"[""CR_694""]"
M-40000;Gastrite;Antro gástrico;K29;D002;0.6446;False;rag_candidates;Carcinoma in situ do estômago;"[""D002"", ""D131"", ""C944"", ""D762"", ""C16"", ""D371"", ""C161"", ""C162""]";"[""SNOMED_625"", ""SNOMED_653"", ""SNOMED_1080"", ""CR_523""]"
M-71600;Bócio;Tireoide;D34;D440;0.6465;False;rag_candidates;O diagnóstico do paciente é 'Bócio' e o candidato mais forte é 'D440' com uma confiança de 0,6465.;"[""D440"", ""D34"", ""D093"", ""D761"", ""D150"", ""D760"", ""C73"", ""C37""]";"[""CR_816""]"
M-82110;ADENOMA SERRILHADO;Cólon ascendente;D12;C187;0.6979;False;rag_candidates;O CID C187 foi escolhido porque foi o único candidato com um score de 0.6979, que é o maior score encontrado no contexto recuperado.;"[""C187"", ""C210"", ""C186"", ""C181"", ""C211"", ""C178"", ""D010"", ""C482""]";"[""SNOMED_159"", ""SNOMED_2504"", ""CR_111""]"
M-82110;ADENOMA SERRILHADO;Pólipo de cólon sigmoide;D12;C187;0.7172;False;rag_candidates;O CID C187 foi escolhido porque foi o único candidato com um score de 0.7172, que é o maior score encontrado no contexto recuperado.;"[""C187"", ""C210"", ""C186"", ""C178"", ""C211"", ""C188"", ""C179"", ""D010""]";"[""CR_111""]"
M-82110;ADENOMA SERRILHADO;Pólipo de cólon sigmoide;D129;C187;0.7172;False;rag_candidates;O CID C187 foi escolhido porque foi o único candidato com um score de 0.7172, que é o maior score encontrado no contexto recuperado.;"[""C187"", ""C210"", ""C186"", ""C178"", ""C211"", ""C188"", ""C179"", ""D010""]";"[""CR_111""]"
M-82110;ADENOMA SERRILHADO;Pólipo de reto;D12;C210;0.6605;False;rag_candidates;O candidato C210 tem o maior score de evidência (0.6605) e é o único candidato com evidência de 'vector_cid', o que sugere uma classificação mais precisa.;"[""C210"", ""C19"", ""D011"", ""C850"", ""C211"", ""C488"", ""C311"", ""C438""]";"[""SNOMED_159"", ""SNOMED_2504"", ""CR_117""]"
M-82110;ADENOMA SERRILHADO;Pólipo de reto;D129;C210;0.6605;False;rag_candidates;O candidato C210 tem o maior score de evidência (0.6605) e é o único candidato com evidência de 'vector_cid', o que sugere uma classificação mais precisa.;"[""C210"", ""C19"", ""D011"", ""C850"", ""C211"", ""C488"", ""C311"", ""C438""]";"[""SNOMED_159"", ""SNOMED_2504"", ""CR_117""]"
M-82103;Adenocarcinoma Em Adenoma;Cólon ascendente;C180;C182;0.6973;False;rag_candidates;O candidato C182 tem o maior score de 0.6973 e é o mais semelhante ao diagnóstico do paciente.;"[""C18"", ""C182"", ""C179"", ""C178"", ""C181"", ""C189"", ""C173"", ""C785""]";"[""CR_106""]"
M-82103;Adenocarcinoma Em Adenoma;Cólon ascendente;C181;C18;0.7;False;snomed_support_plus_rag;O CID C18 é o mais provável devido à forte semelhança com o diagnóstico do paciente (Adenocarcinoma Em Adenoma) e o suporte fornecido pela base de dados CID_Classificação CR.csv.;"[""C18"", ""C182"", ""C179"", ""C178"", ""C181"", ""C189"", ""C173"", ""C785""]";"[""CR_103""]"
M-82103;Adenocarcinoma Em Adenoma;Cólon ascendente;C182;C18;0.7;False;snomed_support_plus_rag;O CID C18 é o mais provável devido à forte semelhança com o diagnóstico do paciente (Adenocarcinoma Em Adenoma) e o suporte fornecido pela base de dados CID_Classificação CR.csv.;"[""C18"", ""C182"", ""C179"", ""C178"", ""C181"", ""C189"", ""C173"", ""C785""]";"[""CR_103""]"
M-82103;Adenocarcinoma Em Adenoma;Cólon ascendente;C183;C18;0.7;False;snomed_support_plus_rag;O CID C18 é o mais provável devido à forte semelhança com o diagnóstico do paciente (Adenocarcinoma Em Adenoma) e o suporte fornecido pela base de dados CID_Classificação CR.csv.;"[""C18"", ""C182"", ""C179"", ""C178"", ""C181"", ""C189"", ""C173"", ""C785""]";"[""CR_103""]"
M-82103;Adenocarcinoma Em Adenoma;Cólon ascendente;C184;C18;0.7;False;snomed_support_plus_rag;O CID C18 é o mais provável devido à forte semelhança com o diagnóstico do paciente (Adenocarcinoma Em Adenoma) e o suporte fornecido pela base de dados CID_Classificação CR.csv.;"[""C18"", ""C182"", ""C179"", ""C178"", ""C181"", ""C189"", ""C173"", ""C785""]";"[""CR_103""]"
M-82103;Adenocarcinoma Em Adenoma;Cólon ascendente;C185;C18;0.7;False;snomed_support_plus_rag;O CID C18 é o mais provável devido à forte semelhança com o diagnóstico do paciente (Adenocarcinoma Em Adenoma) e o suporte fornecido pela base de dados CID_Classificação CR.csv.;"[""C18"", ""C182"", ""C179"", ""C178"", ""C181"", ""C189"", ""C173"", ""C785""]";"[""CR_103""]"
M-82103;Adenocarcinoma Em Adenoma;Cólon ascendente;C186;C18;0.7;False;snomed_support_plus_rag;O CID C18 é o mais provável devido à forte semelhança com o diagnóstico do paciente (Adenocarcinoma Em Adenoma) e o suporte fornecido pela base de dados CID_Classificação CR.csv.;"[""C18"", ""C182"", ""C179"", ""C178"", ""C181"", ""C189"", ""C173"", ""C785""]";"[""CR_103""]"
M-82103;Adenocarcinoma Em Adenoma;Cólon ascendente;C187;C18;0.7;False;snomed_support_plus_rag;O CID C18 é o mais provável devido à forte semelhança com o diagnóstico do paciente (Adenocarcinoma Em Adenoma) e o suporte fornecido pela base de dados CID_Classificação CR.csv.;"[""C18"", ""C182"", ""C179"", ""C178"", ""C181"", ""C189"", ""C173"", ""C785""]";"[""CR_103""]"
M-82103;Adenocarcinoma Em Adenoma;Cólon ascendente;C188;C18;0.7;False;snomed_support_plus_rag;O CID C18 é o mais provável devido à forte semelhança com o diagnóstico do paciente (Adenocarcinoma Em Adenoma) e o suporte fornecido pela base de dados CID_Classificação CR.csv.;"[""C18"", ""C182"", ""C179"", ""C178"", ""C181"", ""C189"", ""C173"", ""C785""]";"[""CR_103""]"
M-82103;Adenocarcinoma Em Adenoma;Cólon ascendente;C189;C18;0.7;False;snomed_support_plus_rag;O CID C18 é o mais provável devido à forte semelhança com o diagnóstico do paciente (Adenocarcinoma Em Adenoma) e o suporte fornecido pela base de dados CID_Classificação CR.csv.;"[""C18"", ""C182"", ""C179"", ""C178"", ""C181"", ""C189"", ""C173"", ""C785""]";"[""CR_103""]"
M-82103;Adenocarcinoma Em Adenoma;Pólipo de cólon sigmoide;C185;C187;0.6906;False;rag_candidates;O candidato C187 tem o maior score de 0.6906 e está relacionado ao diagnóstico de Neoplasia maligna do cólon sigmóide.;"[""C18"", ""C179"", ""C187"", ""C178"", ""C182"", ""C189"", ""C173"", ""C181""]";"[""CR_111""]"
M-82103;Adenocarcinoma Em Adenoma;Pólipo de cólon sigmoide;C188;C187;0.6906;False;rag_candidates;O candidato C187 tem o maior score de 0.6906 e está relacionado ao diagnóstico de Neoplasia maligna do cólon sigmóide.;"[""C18"", ""C179"", ""C187"", ""C178"", ""C182"", ""C189"", ""C173"", ""C181""]";"[""CR_111""]"
M-82103;Adenocarcinoma Em Adenoma;Pólipo de cólon sigmoide;C189;C187;0.6906;False;rag_candidates;O candidato C187 tem o maior score de 0.6906 e está relacionado ao diagnóstico de Neoplasia maligna do cólon sigmóide.;"[""C18"", ""C179"", ""C187"", ""C178"", ""C182"", ""C189"", ""C173"", ""C181""]";"[""CR_111""]"
M-82103;Adenocarcinoma Em Adenoma;Pólipo de reto;C20;C18;0.7;False;snomed_support_plus_rag;O CID C18 é o mais provável devido ao alto score de 0.7 do SNOMED M-82103.;"[""C18"", ""C179"", ""C173"", ""C178"", ""C181"", ""C155"", ""C154"", ""C785""]";"[""SNOMED_50""]"
M-82613;Adenocarcinoma Em Adenoma Viloso;Cólon ascendente;C180;C173;0.7;False;snomed_support_plus_rag;O candidato C173 foi escolhido porque foi o único com um score de 0.7 ou maior e tem um diagnóstico que se alinha com o do paciente.;"[""C173"", ""C260"", ""C268"", ""C189"", ""C182"", ""C178"", ""C17"", ""D013""]";"[""SNOMED_52""]"
M-82613;Adenocarcinoma Em Adenoma Viloso;Pólipo de cólon sigmoide;C187;C260;0.7;False;snomed_support_plus_rag;O candidato C260 tem o maior score de confiança (0.7) e é fortemente suportado pelo SNOMED.;"[""C260"", ""C173"", ""C187"", ""C189"", ""C268"", ""C17"", ""C178"", ""D125""]";"[""SNOMED_52""]"
M-82613;Adenocarcinoma Em Adenoma Viloso;Pólipo de cólon sigmoide;C188;C260;0.7;False;snomed_support_plus_rag;O candidato C260 tem o maior score de confiança (0.7) e é fortemente suportado pelo SNOMED.;"[""C260"", ""C173"", ""C187"", ""C189"", ""C268"", ""C17"", ""C178"", ""D125""]";"[""SNOMED_52""]"
M-82613;Adenocarcinoma Em Adenoma Viloso;Pólipo de cólon sigmoide;C189;C260;0.7;False;snomed_support_plus_rag;O candidato C260 tem o maior score de confiança (0.7) e é fortemente suportado pelo SNOMED.;"[""C260"", ""C173"", ""C187"", ""C189"", ""C268"", ""C17"", ""C178"", ""D125""]";"[""SNOMED_52""]"
M-82613;Adenocarcinoma Em Adenoma Viloso;Pólipo de reto;C209;C173;0.7;False;snomed_support_plus_rag;O candidato C173 tem o maior score de confiança (0.7) e é fortemente suportado pelo SNOMED.;"[""C173"", ""C268"", ""C260"", ""C163"", ""C178"", ""C17"", ""C80"", ""C786""]";"[""SNOMED_52""]"
M-40000;Gastrite;Estômago;;D002;0.6543;False;rag_candidates;Carcinoma in situ do estômago;"[""D002"", ""D131"", ""C944"", ""D762"", ""C16"", ""D371"", ""C161"", ""C162""]";"[""SNOMED_625"", ""SNOMED_653"", ""SNOMED_1080"", ""CR_523""]"
M-82110;Adenoma Tubular;Cólon ascendente;D12;D122;0.6347;False;rag_candidates;O CID D122 foi escolhido porque foi o único candidato com um score de 0.6347, que é o maior score encontrado no contexto recuperado.;"[""D122"", ""D121"", ""C186"", ""C187"", ""D201"", ""D125"", ""C210"", ""D12""]";"[""SNOMED_159"", ""CR_603""]"
M-82110;Adenoma Tubular;Pólipo de cólon sigmoide;D12;C187;0.6625;False;rag_candidates;O candidato C187 foi escolhido porque tem o maior score de evidência (0,6625) e é o único candidato com evidência de 'vector_cid', o que indica uma correspondência forte entre o diagnóstico e o CID.;"[""C187"", ""D125"", ""D201"", ""C186"", ""C210"", ""D132"", ""D12"", ""D121""]";"[""SNOMED_159"", ""SNOMED_2504"", ""CR_111""]"
M-82110;Adenoma Tubular;Pólipo de cólon sigmoide;D129;C187;0.6625;False;rag_candidates;O candidato C187 tem o maior score de evidência (0.6625) e é o único candidato com evidência de 'vector_cid', o que sugere uma classificação mais precisa.;"[""C187"", ""D125"", ""D201"", ""C186"", ""C210"", ""D132"", ""D12"", ""D121""]";"[""SNOMED_159"", ""SNOMED_2504"", ""CR_111""]"
M-82110;Adenoma Tubular;Pólipo de reto;D12;D441;0.6161;False;rag_candidates;O candidato D441 tem o maior score de evidência (0.6161) e é o único candidato com evidência de 'vector_cid', que é considerado forte suporte.;"[""D441"", ""C210"", ""D121"", ""D201"", ""C459"", ""D20"", ""D132"", ""C211""]";"[""SNOMED_159"", ""SNOMED_2504"", ""CR_817""]"
M-82110;Adenoma Tubular;Pólipo de reto;D129;D441;0.6161;False;rag_candidates;O candidato D441 tem o maior score de evidência (0.6161) e é o único candidato com evidência de 'vector_cid', que é considerado forte suporte.;"[""D441"", ""C210"", ""D121"", ""D201"", ""C459"", ""D20"", ""D132"", ""C211""]";"[""SNOMED_159"", ""SNOMED_2504"", ""CR_817""]"
M-82113;Adenocarcinoma Tubular Moderadamente Diferenciado, Oms 2010;Pólipo de reto;C209;C173;0.7;False;snomed_support_plus_rag;O candidato C173 foi escolhido porque foi o único com um score de 0.7 e foi suportado por evidência de 'exact_snomed_support'.;"[""C173"", ""C784"", ""C187"", ""C785"", ""C189"", ""C178"", ""C179"", ""D13""]";"[""SNOMED_114"", ""SNOMED_2503""]"
M-72040;Pólipo Hiperplásico;Pólipo de cólon transverso;D12;D123;0.6349;False;rag_candidates;O diagnóstico do paciente é Pólipo Hiperplásico, que é mais semelhante ao Neoplasia benigna do cólon transverso (D123) do que aos outros candidatos.;"[""D122"", ""D125"", ""D123"", ""D124"", ""D201"", ""C785"", ""D12"", ""D126""]";"[""CR_603"", ""CR_606"", ""CR_604"", ""CR_605"", ""CR_664""]"
M-72040;Pólipo Hiperplásico;Pólipo de cólon transverso;D121;D123;0.6349;False;rag_candidates;O diagnóstico do paciente é Pólipo Hiperplásico e o CID mais provável é D123, Neoplasia benigna do cólon transverso, com uma confiança de 0.6349.;"[""D122"", ""D125"", ""D123"", ""D124"", ""D201"", ""C785"", ""D12"", ""D126""]";"[""CR_603"", ""CR_606"", ""CR_604"", ""CR_605"", ""CR_664""]"
M-72040;Pólipo Hiperplásico;Pólipo de cólon transverso;D122;D123;0.6349;False;rag_candidates;O diagnóstico do paciente é Pólipo Hiperplásico e o CID mais provável é D123, Neoplasia benigna do cólon transverso, com uma confiança de 0.6349.;"[""D122"", ""D125"", ""D123"", ""D124"", ""D201"", ""C785"", ""D12"", ""D126""]";"[""CR_603"", ""CR_606"", ""CR_604"", ""CR_605"", ""CR_664""]"
M-72040;Pólipo Hiperplásico;Pólipo de cólon transverso;D123;D123;0.6349;False;rag_candidates;O diagnóstico do paciente é Pólipo Hiperplásico e o CID mais provável é D123, Neoplasia benigna do cólon transverso, com uma confiança de 0.6349.;"[""D122"", ""D125"", ""D123"", ""D124"", ""D201"", ""C785"", ""D12"", ""D126""]";"[""CR_603"", ""CR_606"", ""CR_604"", ""CR_605"", ""CR_664""]"
M-72040;Pólipo Hiperplásico;Pólipo de cólon transverso;D124;D123;0.6349;False;rag_candidates;O diagnóstico do paciente é Pólipo Hiperplásico e o CID mais provável é D123, Neoplasia benigna do cólon transverso, com uma confiança de 0.6349.;"[""D122"", ""D125"", ""D123"", ""D124"", ""D201"", ""C785"", ""D12"", ""D126""]";"[""CR_603"", ""CR_606"", ""CR_604"", ""CR_605"", ""CR_664""]"
M-72040;Pólipo Hiperplásico;Pólipo de cólon transverso;D125;D123;0.6349;False;rag_candidates;O diagnóstico do paciente é Pólipo Hiperplásico e o CID mais provável é D123, Neoplasia benigna do cólon transverso, com uma confiança de 0.6349.;"[""D122"", ""D125"", ""D123"", ""D124"", ""D201"", ""C785"", ""D12"", ""D126""]";"[""CR_603"", ""CR_606"", ""CR_604"", ""CR_605"", ""CR_664""]"
M-72040;Pólipo Hiperplásico;Pólipo de cólon transverso;D126;D123;0.6349;False;rag_candidates;O diagnóstico do paciente é Pólipo Hiperplásico e o CID mais provável é D123, Neoplasia benigna do cólon transverso, com uma confiança de 0.6349.;"[""D122"", ""D125"", ""D123"", ""D124"", ""D201"", ""C785"", ""D12"", ""D126""]";"[""CR_603"", ""CR_606"", ""CR_604"", ""CR_605"", ""CR_664""]"
M-72040;Pólipo Hiperplásico;Pólipo de cólon transverso;D127;D123;0.6349;False;rag_candidates;O diagnóstico do paciente é Pólipo Hiperplásico e o CID mais provável é D123, Neoplasia benigna do cólon transverso, com uma confiança de 0.6349.;"[""D122"", ""D125"", ""D123"", ""D124"", ""D201"", ""C785"", ""D12"", ""D126""]";"[""CR_603"", ""CR_606"", ""CR_604"", ""CR_605"", ""CR_664""]"
M-72040;Pólipo Hiperplásico;Pólipo de cólon transverso;D128;D123;0.6349;False;rag_candidates;O diagnóstico do paciente é Pólipo Hiperplásico e o CID mais provável é D123, Neoplasia benigna do cólon transverso, com uma confiança de 0.6349.;"[""D122"", ""D125"", ""D123"", ""D124"", ""D201"", ""C785"", ""D12"", ""D126""]";"[""CR_603"", ""CR_606"", ""CR_604"", ""CR_605"", ""CR_664""]"
M-72040;Pólipo Hiperplásico;Pólipo de cólon transverso;D129;D123;0.6349;False;rag_candidates;O diagnóstico do paciente é Pólipo Hiperplásico e o CID mais provável é D123, Neoplasia benigna do cólon transverso, com uma confiança de 0.6349.;"[""D122"", ""D125"", ""D123"", ""D124"", ""D201"", ""C785"", ""D12"", ""D126""]";"[""CR_603"", ""CR_606"", ""CR_604"", ""CR_605"", ""CR_664""]"
M-72040;Pólipo Hiperplásico;Pólipo de reto 01;D12;D45;0.582;False;rag_candidates;O diagnóstico do paciente é 'Pólipo Hiperplásico' e o candidato mais forte é 'D45' com uma confiança de 0,582.;"[""D201"", ""D45"", ""D731"", ""C164"", ""D890"", ""D730"", ""D20"", ""C902""]";"[""CR_826""]"
M-72040;Pólipo Hiperplásico;Pólipo de reto 01;D129;D45;0.582;False;rag_candidates;O diagnóstico do paciente é 'Pólipo Hiperplásico' e o candidato mais forte é 'D45' com uma confiança de 0,582.;"[""D201"", ""D45"", ""D731"", ""C164"", ""D890"", ""D730"", ""D20"", ""C902""]";"[""CR_826""]"
M-72040;Pólipo Hiperplásico;Pólipo de reto 02;D12;D45;0.581;False;snomed_support_plus_rag;O candidato D45 tem a maior pontuação de confiança (0,581) e está relacionado ao diagnóstico de 'Policitemia vera', que é semelhante ao diagnóstico do paciente.;"[""D45"", ""D201"", ""D890"", ""C902"", ""D731"", ""C164"", ""C222"", ""D20""]";"[""CR_826""]"
M-72040;Pólipo Hiperplásico;Pólipo de reto 02;D129;D45;0.581;False;snomed_support_plus_rag;O candidato D45 tem a maior pontuação de confiança (0,581) e está relacionado ao diagnóstico de 'Policitemia vera', que é semelhante ao diagnóstico do paciente.;"[""D45"", ""D201"", ""D890"", ""C902"", ""D731"", ""C164"", ""C222"", ""D20""]";"[""CR_826""]"
M-43000;Gastrite Crônica Antral Leve;Biopsia gástrica;;C16;0.6173;False;rag_candidates;O diagnóstico do paciente é 'Gastrite Crônica Antral Leve', que é mais semelhante ao diagnóstico 'Neoplasia maligna do estômago' do candidato CID 'C16'.;"[""D002"", ""D131"", ""C16"", ""C166"", ""D371"", ""C944"", ""C168"", ""C165""]";"[""CR_86""]"
M-72040;Pólipo Hiperplásico;Biópsia de cólon sigmoide;D12;D125;0.6639;False;snomed_support_plus_rag;O diagnóstico do paciente é 'Pólipo Hiperplásico' e o CID mais provável é 'D125' devido ao diagnóstico de 'Neoplasia benigna do cólon sigmóide' no contexto recuperado.;"[""D125"", ""D122"", ""D124"", ""D123"", ""D126"", ""D201"", ""C187"", ""D12""]";"[""CR_606""]"
M-82110;Adenoma Tubular;Cólon sigmoide;D12;C187;0.6562;False;rag_candidates;O candidato C187 foi escolhido porque foi o único com um score de 0.6562 e foi suportado por evidência de vetor CID.;"[""C187"", ""D125"", ""C210"", ""C186"", ""D12"", ""D121"", ""C211"", ""D201""]";"[""SNOMED_159"", ""SNOMED_2504"", ""CR_111""]"
M-82110;Adenoma Tubular;Cólon sigmoide;D129;C187;0.6562;False;rag_candidates;O candidato C187 foi escolhido porque foi o único com um score de 0.6562 e foi suportado por evidência de vetor CID.;"[""C187"", ""D125"", ""C210"", ""C186"", ""D12"", ""D121"", ""C211"", ""D201""]";"[""SNOMED_159"", ""SNOMED_2504"", ""CR_111""]"
M-82110;Adenoma Tubular;Estômago;D131;D131;0.6553;False;rag_candidates;O candidato D131 tem o maior score de evidência (0.6553) e é o único candidato com evidência de 'vector_cid', o que sugere uma correspondência forte entre o diagnóstico e o CID.;"[""D131"", ""C161"", ""C16"", ""D139"", ""D13"", ""D132"", ""C169"", ""C162""]";"[""SNOMED_159"", ""SNOMED_2504"", ""CR_613""]"
M-82110;Adenoma Tubular;Estômago;D131;D131;0.6553;False;rag_candidates;O candidato D131 tem o maior score de evidência (0.6553) e é o único candidato com evidência de 'vector_cid', o que sugere uma classificação mais precisa.;"[""D131"", ""C161"", ""C16"", ""D139"", ""D13"", ""D132"", ""C169"", ""C162""]";"[""SNOMED_159"", ""SNOMED_2504"", ""CR_613""]"
43000;Gastrite Crônica Corpórea Leve;Cólon sigmoide;;C16;0.6347;False;rag_candidates;O diagnóstico do paciente é Gastrite Crônica Corpórea Leve, que é mais semelhante ao diagnóstico de Neoplasia maligna do estômago, que é representado pelo CID C16.;"[""D002"", ""C166"", ""D131"", ""C16"", ""C944"", ""D371"", ""C165"", ""D017""]";"[""CR_86""]"
43000;Gastrite Crônica Corpórea Leve;Estômago;;C162;0.6724;False;snomed_support_plus_rag;O diagnóstico do paciente é Gastrite Crônica Corpórea Leve, que é mais semelhante ao CID C162 (Neoplasia maligna da pequena curvatura do estômago, não especificada).;"[""D002"", ""D131"", ""C166"", ""C944"", ""C16"", ""D371"", ""C162"", ""C165""]";"[""CR_523""]"
M-82110;Lesão séssil serrilhada;Cólon de transverso;D12;D010;0.6132;False;rag_candidates;Carcinoma in situ do cólon;"[""D010"", ""D014"", ""D121"", ""C187"", ""D125"", ""D201"", ""C186"", ""C841""]";"[""SNOMED_159"", ""CR_525""]"
M-82110;Lesão séssil serrilhada;Cólon descendente;D12;C186;0.6169;False;rag_candidates;O candidato C186 foi escolhido porque tem o maior score de confiança (0,6169) e é o único candidato que tem evidência de suporte de CID.;"[""C186"", ""D010"", ""C841"", ""D014"", ""D124"", ""C187"", ""D125"", ""D201""]";"[""SNOMED_159"", ""SNOMED_2504"", ""CR_110""]"
M-82110;Lesão séssil serrilhada;Estômago;D137;D131;0.624;False;rag_candidates;"O candidato D131 tem o maior score de 0.624 e é suportado por evidência de ""vector_cid"".";"[""D131"", ""D002"", ""C161"", ""C165"", ""C16"", ""C166"", ""C169"", ""D762""]";"[""CR_613""]"
M-82110;Lesão séssil serrilhada;Estômago;D137;D131;0.624;False;rag_candidates;"O candidato D131 tem o maior score de 0.624 e é suportado por evidência de ""vector_cid"".";"[""D131"", ""D002"", ""C161"", ""C165"", ""C16"", ""C166"", ""C169"", ""D762""]";"[""CR_613""]"
M-72420;Pólipo Hiperplásico de Glândulas Fúndicas;Cólon sigmoide;D12;D125;0.6332;False;snomed_support_plus_rag;O diagnóstico do paciente é 'Pólipo Hiperplásico de Glândulas Fúndicas' e o CID mais provável é 'D125' com uma confiança de 0.6332.;"[""D125"", ""D122"", ""D20"", ""D124"", ""D760"", ""D123"", ""D132"", ""D201""]";"[""CR_606""]"
M-72420;Pólipo Hiperplásico de Glândulas Fúndicas;Cólon sigmoide;D129;D125;0.6332;False;snomed_support_plus_rag;O diagnóstico do paciente é 'Pólipo Hiperplásico de Glândulas Fúndicas' e o CID mais provável é 'D125' com uma confiança de 0.6332.;"[""D125"", ""D122"", ""D20"", ""D124"", ""D760"", ""D123"", ""D132"", ""D201""]";"[""CR_606""]"
M-72420;Pólipo Hiperplásico de Glândulas Fúndicas;Estômago;D130;C161;0.5895;False;rag_candidates;O diagnóstico do paciente é Pólipo Hiperplásico de Glândulas Fúndicas, que é mais semelhante ao diagnóstico associado ao CID C161 (Neoplasia maligna do fundo do estômago).;"[""D762"", ""C165"", ""D139"", ""C161"", ""C168"", ""C162"", ""D20"", ""C169""]";"[""CR_92""]"
M-72420;Pólipo Hiperplásico de Glândulas Fúndicas;Estômago;D131;C161;0.5895;False;rag_candidates;O diagnóstico do paciente é 'Pólipo Hiperplásico de Glândulas Fúndicas' e o candidato mais provável é 'C161' devido ao diagnóstico semelhante 'Neoplasia maligna do fundo do estômago';"[""D762"", ""C165"", ""D139"", ""C161"", ""C168"", ""C162"", ""D20"", ""C169""]";"[""CR_92""]"
M-72420;Pólipo Hiperplásico de Glândulas Fúndicas;Estômago;D132;C161;0.5895;False;rag_candidates;O diagnóstico do paciente é 'Pólipo Hiperplásico de Glândulas Fúndicas' e o candidato mais provável é 'C161' devido ao diagnóstico semelhante 'Neoplasia maligna do fundo do estômago';"[""D762"", ""C165"", ""D139"", ""C161"", ""C168"", ""C162"", ""D20"", ""C169""]";"[""CR_92""]"
M-72420;Pólipo Hiperplásico de Glândulas Fúndicas;Estômago;D133;C161;0.5895;False;rag_candidates;O diagnóstico do paciente é 'Pólipo Hiperplásico de Glândulas Fúndicas' e o candidato mais provável é 'C161' devido ao diagnóstico semelhante 'Neoplasia maligna do fundo do estômago';"[""D762"", ""C165"", ""D139"", ""C161"", ""C168"", ""C162"", ""D20"", ""C169""]";"[""CR_92""]"
M-72420;Pólipo Hiperplásico de Glândulas Fúndicas;Estômago;D134;C161;0.5895;False;rag_candidates;O diagnóstico do paciente é 'Pólipo Hiperplásico de Glândulas Fúndicas' e o candidato mais provável é 'C161' devido ao diagnóstico semelhante 'Neoplasia maligna do fundo do estômago';"[""D762"", ""C165"", ""D139"", ""C161"", ""C168"", ""C162"", ""D20"", ""C169""]";"[""CR_92""]"
M-72420;Pólipo Hiperplásico de Glândulas Fúndicas;Estômago;D135;C161;0.5895;False;rag_candidates;O diagnóstico do paciente é 'Pólipo Hiperplásico de Glândulas Fúndicas' e o candidato mais provável é 'C161' devido ao diagnóstico semelhante 'Neoplasia maligna do fundo do estômago';"[""D762"", ""C165"", ""D139"", ""C161"", ""C168"", ""C162"", ""D20"", ""C169""]";"[""CR_92""]"
M-72420;Pólipo Hiperplásico de Glândulas Fúndicas;Estômago;D136;C161;0.5895;False;rag_candidates;O diagnóstico do paciente é 'Pólipo Hiperplásico de Glândulas Fúndicas' e o candidato mais provável é 'C161' devido ao diagnóstico semelhante 'Neoplasia maligna do fundo do estômago';"[""D762"", ""C165"", ""D139"", ""C161"", ""C168"", ""C162"", ""D20"", ""C169""]";"[""CR_92""]"
M-72420;Pólipo Hiperplásico de Glândulas Fúndicas;Estômago;D137;C161;0.5895;False;rag_candidates;O diagnóstico do paciente é 'Pólipo Hiperplásico de Glândulas Fúndicas' e o candidato mais provável é 'C161' devido ao diagnóstico semelhante 'Neoplasia maligna do fundo do estômago';"[""D762"", ""C165"", ""D139"", ""C161"", ""C168"", ""C162"", ""D20"", ""C169""]";"[""CR_92""]"
M-72420;Pólipo Hiperplásico de Glândulas Fúndicas;Estômago;D139;C161;0.5895;False;rag_candidates;O diagnóstico do paciente é 'Pólipo Hiperplásico de Glândulas Fúndicas' e o candidato mais provável é 'C161' devido ao diagnóstico semelhante 'Neoplasia maligna do fundo do estômago';"[""D762"", ""C165"", ""D139"", ""C161"", ""C168"", ""C162"", ""D20"", ""C169""]";"[""CR_92""]"
M-82110;Adenoma Tubular;Biópsia de cólon transverso;D12;C186;0.6393;False;rag_candidates;O CID C186 foi escolhido porque foi o único candidato com um score de 0.6393, que é o maior score encontrado no contexto recuperado.;"[""C186"", ""C210"", ""C187"", ""D201"", ""D121"", ""D12"", ""C211"", ""C178""]";"[""SNOMED_159"", ""SNOMED_2504"", ""CR_110""]"
M-82110;Adenoma Tubular;Biópsia de cólon transverso;D120;C186;0.6393;False;rag_candidates;O CID C186 foi escolhido porque foi o único candidato com um score de 0.6393, que é o maior score encontrado no contexto recuperado.;"[""C186"", ""C210"", ""C187"", ""D201"", ""D121"", ""D12"", ""C211"", ""C178""]";"[""SNOMED_159"", ""SNOMED_2504"", ""CR_110""]"
M-82110;Adenoma Tubular;Biópsia de cólon transverso;D121;C186;0.6393;False;rag_candidates;O CID C186 foi escolhido porque foi o único candidato com um score de 0.6393, que é o maior score encontrado no contexto recuperado.;"[""C186"", ""C210"", ""C187"", ""D201"", ""D121"", ""D12"", ""C211"", ""C178""]";"[""SNOMED_159"", ""SNOMED_2504"", ""CR_110""]"
M-82110;Adenoma Tubular;Biópsia de cólon transverso;D122;C186;0.6393;False;rag_candidates;O CID C186 foi escolhido porque foi o único candidato com um score de 0.6393, que é o maior score encontrado no contexto recuperado.;"[""C186"", ""C210"", ""C187"", ""D201"", ""D121"", ""D12"", ""C211"", ""C178""]";"[""SNOMED_159"", ""SNOMED_2504"", ""CR_110""]"
M-82110;Adenoma Tubular;Biópsia de cólon transverso;D123;C186;0.6393;False;rag_candidates;O CID C186 foi escolhido porque foi o único candidato com um score de 0.6393, que é o maior score encontrado no contexto recuperado.;"[""C186"", ""C210"", ""C187"", ""D201"", ""D121"", ""D12"", ""C211"", ""C178""]";"[""SNOMED_159"", ""SNOMED_2504"", ""CR_110""]"
M-82110;Adenoma Tubular;Biópsia de cólon transverso;D124;C186;0.6393;False;rag_candidates;O CID C186 foi escolhido porque foi o único candidato com um score de 0.6393, que é o maior score encontrado no contexto recuperado.;"[""C186"", ""C210"", ""C187"", ""D201"", ""D121"", ""D12"", ""C211"", ""C178""]";"[""SNOMED_159"", ""SNOMED_2504"", ""CR_110""]"
M-82110;Adenoma Tubular;Biópsia de cólon transverso;D125;C186;0.6393;False;rag_candidates;O CID C186 foi escolhido porque foi o único candidato com um score de 0.6393, que é o maior score encontrado no contexto recuperado.;"[""C186"", ""C210"", ""C187"", ""D201"", ""D121"", ""D12"", ""C211"", ""C178""]";"[""SNOMED_159"", ""SNOMED_2504"", ""CR_110""]"
M-82110;Adenoma Tubular;Biópsia de cólon transverso;D126;C186;0.6393;False;rag_candidates;O CID C186 foi escolhido porque foi o único candidato com um score de 0.6393, que é o maior score encontrado no contexto recuperado.;"[""C186"", ""C210"", ""C187"", ""D201"", ""D121"", ""D12"", ""C211"", ""C178""]";"[""SNOMED_159"", ""SNOMED_2504"", ""CR_110""]"
M-82110;Adenoma Tubular;Biópsia de cólon transverso;D127;C186;0.6393;False;rag_candidates;O CID C186 foi escolhido porque foi o único candidato com um score de 0.6393, que é o maior score encontrado no contexto recuperado.;"[""C186"", ""C210"", ""C187"", ""D201"", ""D121"", ""D12"", ""C211"", ""C178""]";"[""SNOMED_159"", ""SNOMED_2504"", ""CR_110""]"
M-82110;Adenoma Tubular;Biópsia de cólon transverso;D128;C186;0.6393;False;rag_candidates;O CID C186 foi escolhido porque foi o único candidato com um score de 0.6393, que é o maior score encontrado no contexto recuperado.;"[""C186"", ""C210"", ""C187"", ""D201"", ""D121"", ""D12"", ""C211"", ""C178""]";"[""SNOMED_159"", ""SNOMED_2504"", ""CR_110""]"
M-82110;Adenoma Tubular;Biópsia de cólon transverso;D129;C186;0.6393;False;rag_candidates;O CID C186 foi escolhido porque foi o único candidato com um score de 0.6393, que é o maior score encontrado no contexto recuperado.;"[""C186"", ""C210"", ""C187"", ""D201"", ""D121"", ""D12"", ""C211"", ""C178""]";"[""SNOMED_159"", ""SNOMED_2504"", ""CR_110""]"
M-72040;Pólipo Hiperplásico;Cólon transverso;D12;D123;0.6296;False;snomed_support_plus_rag;O diagnóstico do paciente é Pólipo Hiperplásico, que é mais semelhante ao diagnóstico 'Neoplasia benigna do cólon transverso' do contexto recuperado.;"[""D123"", ""D122"", ""D125"", ""D124"", ""D12"", ""D201"", ""C260"", ""D126""]";"[""CR_604""]"
M-72040;Pólipo Hiperplásico;Cólon transverso;D121;D123;0.6296;False;snomed_support_plus_rag;O diagnóstico do paciente é Pólipo Hiperplásico, que é mais semelhante ao diagnóstico 'Neoplasia benigna do cólon transverso' do contexto recuperado.;"[""D123"", ""D122"", ""D125"", ""D124"", ""D12"", ""D201"", ""C260"", ""D126""]";"[""CR_604""]"
M-72040;Pólipo Hiperplásico;Cólon transverso;D122;D123;0.6296;False;snomed_support_plus_rag;O diagnóstico do paciente é Pólipo Hiperplásico, que é mais semelhante ao diagnóstico 'Neoplasia benigna do cólon transverso' do contexto recuperado.;"[""D123"", ""D122"", ""D125"", ""D124"", ""D12"", ""D201"", ""C260"", ""D126""]";"[""CR_604""]"
M-72040;Pólipo Hiperplásico;Cólon transverso;D123;D123;0.6296;False;snomed_support_plus_rag;O diagnóstico do paciente é Pólipo Hiperplásico, que é mais semelhante ao diagnóstico 'Neoplasia benigna do cólon transverso' do contexto recuperado.;"[""D123"", ""D122"", ""D125"", ""D124"", ""D12"", ""D201"", ""C260"", ""D126""]";"[""CR_604""]"
M-72040;Pólipo Hiperplásico;Cólon transverso;D124;D123;0.6296;False;snomed_support_plus_rag;O diagnóstico do paciente é Pólipo Hiperplásico, que é mais semelhante ao diagnóstico 'Neoplasia benigna do cólon transverso' do contexto recuperado.;"[""D123"", ""D122"", ""D125"", ""D124"", ""D12"", ""D201"", ""C260"", ""D126""]";"[""CR_604""]"
M-72040;Pólipo Hiperplásico;Cólon transverso;D125;D123;0.6296;False;snomed_support_plus_rag;O diagnóstico do paciente é Pólipo Hiperplásico, que é mais semelhante ao diagnóstico 'Neoplasia benigna do cólon transverso' do contexto recuperado.;"[""D123"", ""D122"", ""D125"", ""D124"", ""D12"", ""D201"", ""C260"", ""D126""]";"[""CR_604""]"
M-72040;Pólipo Hiperplásico;Cólon transverso;D126;D123;0.6296;False;snomed_support_plus_rag;O diagnóstico do paciente é Pólipo Hiperplásico, que é mais semelhante ao diagnóstico 'Neoplasia benigna do cólon transverso' do contexto recuperado.;"[""D123"", ""D122"", ""D125"", ""D124"", ""D12"", ""D201"", ""C260"", ""D126""]";"[""CR_604""]"
M-72040;Pólipo Hiperplásico;Cólon transverso;D127;D123;0.6296;False;snomed_support_plus_rag;O diagnóstico do paciente é Pólipo Hiperplásico, que é mais semelhante ao diagnóstico 'Neoplasia benigna do cólon transverso' do contexto recuperado.;"[""D123"", ""D122"", ""D125"", ""D124"", ""D12"", ""D201"", ""C260"", ""D126""]";"[""CR_604""]"
M-72040;Pólipo Hiperplásico;Cólon transverso;D128;D123;0.6296;False;snomed_support_plus_rag;O diagnóstico do paciente é Pólipo Hiperplásico, que é mais semelhante ao diagnóstico 'Neoplasia benigna do cólon transverso' do contexto recuperado.;"[""D123"", ""D122"", ""D125"", ""D124"", ""D12"", ""D201"", ""C260"", ""D126""]";"[""CR_604""]"
M-72040;Pólipo Hiperplásico;Cólon transverso;D129;D123;0.6296;False;snomed_support_plus_rag;O diagnóstico do paciente é Pólipo Hiperplásico, que é mais semelhante ao diagnóstico 'Neoplasia benigna do cólon transverso' do contexto recuperado.;"[""D123"", ""D122"", ""D125"", ""D124"", ""D12"", ""D201"", ""C260"", ""D126""]";"[""CR_604""]"
M-72040;Pólipo Hiperplásico;Cón ascendente;D12;D890;0.5912;False;rag_candidates;O candidato D890 tem a maior pontuação de confiança (0,5912) e está relacionado ao diagnóstico de 'Hipergamaglobulinemia policlonal', que é semelhante ao diagnóstico do paciente ('Pólipo Hiperplásico').;"[""D45"", ""D731"", ""D890"", ""D760"", ""D892"", ""D730"", ""C222"", ""C902""]";"[""CR_1038""]"
M-43000;Gastrite Crônica;Cólon de transverso;;C166;0.6544;False;rag_candidates;O diagnóstico do paciente é Gastrite Crônica, mas o candidato mais forte é C166, que corresponde a Neoplasia maligna da grande curvatura do estômago, não especificada.;"[""D002"", ""C166"", ""D131"", ""C16"", ""C944"", ""C168"", ""D019"", ""D371""]";"[""CR_523"", ""CR_93"", ""CR_613"", ""CR_86"", ""CR_503""]"
M-43000;Gastrite Crônica;Cólon descendente;;C166;0.6548;False;rag_candidates;O diagnóstico do paciente é Gastrite Crônica, mas o candidato mais forte é C166, que corresponde a Neoplasia maligna da grande curvatura do estômago, não especificada.;"[""D002"", ""C166"", ""D131"", ""C16"", ""C944"", ""D762"", ""D019"", ""C168""]";"[""CR_523"", ""CR_93"", ""CR_613"", ""CR_86"", ""CR_503""]"
M-43000;Gastrite Crônica;Estômago;;C16;0.661;False;rag_candidates;O diagnóstico do paciente é Gastrite Crônica, e o CID C16 (Neoplasia maligna do estômago) é o mais provável devido à topografia do estômago.;"[""D002"", ""C944"", ""C16"", ""D131"", ""C166"", ""C162"", ""C169"", ""D371""]";"[""CR_523"", ""CR_503"", ""CR_86"", ""CR_613"", ""CR_93""]"
M-80703;Carcinoma de Células Escamosas;Biópsia de epiglote;C019;C101;0.7;False;snomed_support_plus_rag;O candidato C101 foi escolhido porque foi o único com um score de 0.7 e foi suportado pelo SNOMED.;"[""C101"", ""D001"", ""C780"", ""D020"", ""C180"", ""D050"", ""D097"", ""C104""]";"[""SNOMED_2350""]"
M-82110;Adenoma Tubular;Pólipo de cólon transverso;D12;D121;0.6321;False;rag_candidates;O CID D121 foi escolhido porque foi o único candidato com um score de 0.6321, que é o maior score encontrado no contexto recuperado.;"[""D121"", ""D201"", ""D12"", ""C187"", ""D125"", ""C210"", ""C186"", ""D132""]";"[""SNOMED_159"", ""CR_602""]"
M-82110;Adenoma Tubular;Pólipo de cólon transverso;D123;D121;0.6321;False;rag_candidates;O CID D121 foi escolhido porque foi o único candidato com um score de 0.6321, que é o maior score encontrado no contexto recuperado.;"[""D121"", ""D201"", ""D12"", ""C187"", ""D125"", ""C210"", ""C186"", ""D132""]";"[""SNOMED_159"", ""CR_602""]"
M-40000;Gastrite;Biopsia gástrica;;D002;0.6552;False;rag_candidates;Carcinoma in situ do estômago;"[""D002"", ""D131"", ""C16"", ""D371"", ""C168"", ""D762"", ""C161"", ""C944""]";"[""SNOMED_625"", ""SNOMED_653"", ""SNOMED_1080"", ""CR_523""]"
M-82110;Adenoma Tubular;Cólon transverso;D12;C210;0.6298;False;rag_candidates;O candidato C210 tem o maior score de evidência (0.6298) e é o único candidato com evidência de 'vector_cid', o que sugere uma correspondência forte entre o diagnóstico do paciente e o CID.;"[""C210"", ""C186"", ""C187"", ""D12"", ""D121"", ""D125"", ""D201"", ""C211""]";"[""SNOMED_159"", ""SNOMED_2504"", ""CR_117""]"
M-82110;Adenoma Tubular;Cólon descendente;D12;C186;0.6522;False;rag_candidates;O candidato C186 tem o maior score de 0.6522 e é suportado por evidência de vetor CID.;"[""C186"", ""D124"", ""D121"", ""C187"", ""D201"", ""C210"", ""D125"", ""D12""]";"[""SNOMED_159"", ""SNOMED_2504"", ""CR_110""]"
M-82110;Adenoma Tubular;Canal anal;D12;C210;0.6729;False;rag_candidates;O candidato C210 tem o maior score de evidência (0.6729) e é o único candidato com evidência de 'vector_cid', o que sugere uma correspondência forte entre o diagnóstico do paciente e o CID.;"[""C210"", ""D129"", ""C211"", ""C21"", ""D013"", ""D12"", ""C218"", ""D121""]";"[""SNOMED_159"", ""SNOMED_2504"", ""CR_117""]"
M-82110;Adenoma Tubular;Canal anal;D129;C210;0.6729;False;rag_candidates;O candidato C210 tem o maior score de evidência (0.6729) e é o único candidato com evidência de 'vector_cid', o que sugere uma correspondência forte entre o diagnóstico do paciente e o CID.;"[""C210"", ""D129"", ""C211"", ""C21"", ""D013"", ""D12"", ""C218"", ""D121""]";"[""SNOMED_159"", ""SNOMED_2504"", ""CR_117""]"
M-43000;Gastrite Crônica Antral Leve;Cólon ascendente;;C16;0.6248;False;rag_candidates;O diagnóstico do paciente é 'Gastrite Crônica Antral Leve', mas o candidato mais provável é 'Neoplasia maligna do estômago' com confiança de 0,6248.;"[""D002"", ""C944"", ""D131"", ""C166"", ""C16"", ""D371"", ""C165"", ""D762""]";"[""CR_523"", ""CR_503"", ""CR_613"", ""CR_93"", ""CR_86""]"
M-43000;Gastrite Crônica Antral Leve;Estômago;;D002;0.6491;False;snomed_support_plus_rag;O diagnóstico do paciente é 'Gastrite Crônica Antral Leve' e o candidato mais provável é 'D002' com uma confiança de 0,6491.;"[""D002"", ""D131"", ""C944"", ""C16"", ""C166"", ""D371"", ""D762"", ""C165""]";"[""CR_523""]"
M-43000;Gastrite Crônica Antral Leve;Cólon descendente;;D002;0.6396;False;snomed_support_plus_rag;O diagnóstico do paciente é 'Gastrite Crônica Antral Leve' e o CID mais provável é 'D002' com uma confiança de 0,6396.;"[""D002"", ""D131"", ""C944"", ""C166"", ""C16"", ""D371"", ""C165"", ""D762""]";"[""CR_523""]"
M-43000;Gastrite Crônica Antral Leve;Canal anal;;D002;0.6265;False;snomed_support_plus_rag;O diagnóstico do paciente é 'Gastrite Crônica Antral Leve' e o candidato mais provável é 'D002' com uma confiança de 0.6265.;"[""D002"", ""D131"", ""C944"", ""C16"", ""C166"", ""D013"", ""D371"", ""D762""]";"[""CR_523""]"
M-72040;Pólipo Hiperplásico;Cólon ascendente;D12;D122;0.647;False;snomed_support_plus_rag;O diagnóstico do paciente é Pólipo Hiperplásico, que é mais semelhante ao CID D122 (Neoplasia benigna do cólon ascendente);"[""D122"", ""D125"", ""D124"", ""D201"", ""D123"", ""D126"", ""C182"", ""C260""]";"[""CR_603""]"
M-72040;Pólipo Hiperplásico;Estômago;D002;C16;0.6127;False;rag_candidates;O diagnóstico do paciente é 'Pólipo Hiperplásico' e o candidato mais forte é 'C16' com uma confiança de 0,6127.;"[""C168"", ""C165"", ""C161"", ""D371"", ""C16"", ""D131"", ""C169"", ""D762""]";"[""CR_94"", ""CR_92"", ""CR_88"", ""CR_768"", ""CR_86""]"
M-72040;Pólipo Hiperplásico;Estômago;D009;C16;0.6127;False;rag_candidates;O diagnóstico do paciente é 'Pólipo Hiperplásico' e o candidato mais forte é 'C16' com uma confiança de 0,6127.;"[""C168"", ""C165"", ""C161"", ""D371"", ""C16"", ""D131"", ""C169"", ""D762""]";"[""CR_94"", ""CR_92"", ""CR_88"", ""CR_768"", ""CR_86""]"
M-72040;Pólipo Hiperplásico;Cólon descendente;D12;D124;0.6499;False;snomed_support_plus_rag;O diagnóstico do paciente é Pólipo Hiperplásico, que é mais semelhante ao CID D124 (Neoplasia benigna do cólon descendente);"[""D124"", ""D125"", ""D122"", ""D201"", ""D123"", ""D126"", ""D12"", ""D20""]";"[""CR_605""]"
M-72040;Pólipo Hiperplásico;Cólon descendente;D129;D124;0.6499;False;snomed_support_plus_rag;O diagnóstico do paciente é Pólipo Hiperplásico, que é mais semelhante ao CID D124 (Neoplasia benigna do cólon descendente);"[""D124"", ""D125"", ""D122"", ""D201"", ""D123"", ""D126"", ""D12"", ""D20""]";"[""CR_605""]"
M-72040;Pólipo Hiperplásico;Canal anal;D12;C218;0.6458;False;snomed_support_plus_rag;O diagnóstico do paciente é Pólipo Hiperplásico, que é mais semelhante ao CID C218 (Neoplasia maligna do reto, ânus e do canal anal com lesão invasiva);"[""C218"", ""D129"", ""D12"", ""C21"", ""C210"", ""C211"", ""D013"", ""D128""]";"[""CR_120""]"
M-72040;Pólipo Hiperplásico;Canal anal;D129;C218;0.6458;False;snomed_support_plus_rag;O diagnóstico do paciente é Pólipo Hiperplásico, que é mais semelhante ao CID C218 (Neoplasia maligna do reto, ânus e do canal anal com lesão invasiva);"[""C218"", ""D129"", ""D12"", ""C21"", ""C210"", ""C211"", ""D013"", ""D128""]";"[""CR_120""]"
M-82630;ADENOMA TÚBULO-VILOSO;Cólon transverso;D12;C268;0.7;False;rag_candidates;O diagnóstico do paciente é 'ADENOMA TÚBULO-VILOSO' e o SNOMED mais relevante é 'M-82630', que é suportado por vários registros de contexto. O CID mais provável é 'C268' devido à sua semelhança com o diagnóstico do paciente.;"[""C260"", ""C268"", ""C173"", ""C17"", ""C179"", ""C178"", ""C785"", ""C482""]";"[""CR_145"", ""SNOMED_161"", ""SNOMED_162"", ""SNOMED_2509"", ""SNOMED_2511""]"
M-82630;ADENOMA TÚBULO-VILOSO;Cólon descendente;D12;C268;0.7;False;snomed_support_plus_rag;O diagnóstico do paciente é 'ADENOMA TÚBULO-VILOSO' e o SNOMED mais relevante é 'M-82630', que é fortemente suportado por vários registros de contexto. O CID mais provável é 'C268' devido à semelhança entre o diagnóstico e o CID.;"[""C260"", ""C268"", ""C173"", ""C186"", ""C850"", ""C962"", ""C80"", ""C170""]";"[""SNOMED_161"", ""SNOMED_162"", ""SNOMED_2509"", ""SNOMED_2511""]"
M-40000;Inflamação;Pólipo de cólon transverso;;D12;0.6354;False;rag_candidates;CID D12 foi escolhido devido ao seu score mais alto em relação ao contexto recuperado.;"[""D12"", ""D123"", ""D122"", ""D125"", ""D124"", ""D128"", ""D126"", ""D014""]";"[""SNOMED_625"", ""SNOMED_653"", ""SNOMED_1080"", ""CR_600""]"
M-40000;Inflamação;Pólipo de cólon descendente;;D12;0.6281;False;rag_candidates;O candidato D12 tem o maior score de confiança (0.6281) e é suportado por evidência de vetor CID.;"[""D124"", ""D12"", ""D125"", ""D122"", ""D123"", ""D126"", ""D128"", ""D201""]";"[""CR_600""]"
